{
  "fidelity": {
    "cell": 0.22105263157894736,
    "digit": 0.9931077694235589
  },
  "env": {
    "solved": 691,
    "total": 1000,
    "solved_rate": 0.691,
    "avg_reward": 261.51
  }
}