{
  "fidelity": {
    "cell": 0.33983983983983984,
    "digit": 0.9984984984984985
  },
  "env": {
    "solved": 978,
    "total": 1000,
    "solved_rate": 0.978,
    "avg_reward": 197.35
  }
}