Complexity,Loss,Equation
1,-16.15363,"3.9849687"
3,-74.41182,"protected_division(x0, 0.05888267)"
7,-357.84317,"5.140579 - ((-9.225836 - x35) * 8.155721)"
